broken_ref;fixed_ref;comment
/topics/admin;/operate/oss_and_stack/management/admin;
/topics/rdd;/operate/oss_and_stack/reference/internals/rdd;
/topics/rdd-1;/operate/oss_and_stack/reference/internals/rdd;
/topics/rdd-2;/operate/oss_and_stack/reference/internals/rdd;
/topics/gopher;/develop/reference/gopher;
/topics/ARM;/operate/oss_and_stack/reference/arm;
/topics/arm;/operate/oss_and_stack/reference/arm;
/topics/pubsub;/develop/interact/pubsub;
/topics/releases;/about/releases;This goes to the about section which goes away
/topics/command-arguments;/develop/reference/command-arguments;
/topics/signals;/operate/oss_and_stack/reference/signals;
/topics/clients;/develop/connect/clients/;
/topics/license;/about/license;
/topics/governance;/about/governance;
/topics/internals-sds;/operate/oss_and_stack/reference/internals/internals-sds;
/topics/lru_cache;/develop/reference/eviction;
/topics/latency-monitor;/operate/oss_and_stack/management/optimization/latency-monitor.md;
/topics/encryption;/operate/oss_and_stack/management/security/encryption.md;
/topics/lua-api;/develop/interact/programmability/lua-api.md;
/topics/command-tips;/develop/reference/command-tips.md;
/topics/cluster-tutorial;/operate/oss_and_stack/management/scaling;
/topics/partitioning;/operate/oss_and_stack/management/scaling;
/topics/persistence;/operate/oss_and_stack/management/persistence;
/topics/replication;/operate/oss_and_stack/management/replication;
/topics/key-specs;/develop/reference/key-specs.md;
/topics/pipelining;/develop/use/pipelining;
/topics/sentinel;/operate/oss_and_stack/management/sentinel;
/topics/protocol;/develop/reference/protocol-spec;
/topics/streams-intro;/develop/data-types/streams;
/topics/acl;/operate/oss_and_stack/management/security/acl;
/topics/internals-eventlib;/operate/oss_and_stack/reference/internals/internals-rediseventlib;
/topics/internals-rediseventlib;/operate/oss_and_stack/reference/internals/internals-rediseventlib;
/topics/notifications;/develop/use/keyspace-notifications;
/topics/client-side-caching;/develop/use/client-side-caching;
/topics/ldb;/develop/interact/programmability/lua-debugging;
/topics/latency;/operate/oss_and_stack/management/optimization/latency;
/topics/distlock;/develop/use/patterns/distributed-locks;
/topics/internals-vm;/operate/oss_and_stack/reference/internals/internals-vm;
/topics/virtual-memory;/operate/oss_and_stack/reference/internals/internals-vm;
/topics/indexing;/develop/use/patterns/indexes;
/topics/benchmarks;/operate/oss_and_stack/management/optimization/benchmarks;
/topics/performance-on-cpu;/operate/oss_and_stack/management/optimization/cpu-profiling;
/topics/modules-blocking-ops;/develop/reference/modules/modules-blocking-ops;
/topics/cluster-spec;/operate/oss_and_stack/reference/cluster-spec;
/topics/transactions;/develop/interact/transactions;
/topics/eval-intro;/develop/interact/programmability/eval-intro;
/topics/programmability;/develop/interact/programmability/;
/topics/functions-intro;/develop/interact/programmability/functions-intro;
/topics/data-types;/develop/data-types;
/topics/data-types-intro;/develop/data-types;
/topics/memory-optimization;/operate/oss_and_stack/management/optimization/memory-optimization;
/topics/mass-insert;/develop/use/patterns/bulk-loading;
/topics/modules-intro;/develop/reference/modules/;
/topics/rediscli;/develop/connect/cli;
/topics/modules-native-types;/develop/reference/modules/modules-native-types;
/topics/modules-api-ref;/develop/reference/modules/modules-api-ref;
/topics/debugging;/operate/oss_and_stack/management/debugging;